,ENAC,binary,NCP,EIIP,Kmer4,CKSNAP,PseEIIP,TNC,RCKmer5,SCPseTNC,PCPseTNC,ANF,NAC,TAC
4mC_A.thaliana,0.8582584468076757,0.857130243691873,0.8530392810893537,0.7626260644351136,0.7551897343326924,0.7644311894203979,0.7463210767962956,0.7454773770749127,0.7493426990542714,0.7476651100733822,0.7461248675587646,0.6573794294235372,0.670800141270651,0.6702311344818114
4mC_C.elegans,0.9119124063554788,0.9095661480200873,0.9090310364699102,0.7991273565489422,0.8056721824318762,0.807565654070964,0.7990450316950687,0.800485716637853,0.8018852391537005,0.8005680414917263,0.7948464641475261,0.737630690705524,0.7520375401333662,0.7557421585576686
4mC_D.melanogaster,0.9070178571428571,0.9081785714285714,0.9050357142857143,0.8147678571428572,0.7834107142857143,0.7929107142857142,0.7761071428571429,0.7753928571428571,0.7729821428571428,0.7801785714285714,0.7755357142857143,0.6734107142857143,0.6388035714285715,0.6879642857142857
4mC_E.coli,0.9625,0.93125,0.95,0.8625,0.890625,0.853125,0.821875,0.853125,0.91875,0.890625,0.84375,0.65625,0.615625,0.7375
4mC_G.subterraneus,0.7759503391782926,0.7782541917317292,0.7760783309868169,0.666005375655958,0.8209394598745681,0.8240752591834123,0.8138999104057341,0.8187635991296557,0.819403558172277,0.8064763855113273,0.8142838858313068,0.6233201075131192,0.6770126711890438,0.6765007039549469
4mC_G.pickeringii,0.8686396677050883,0.8712357217030114,0.8727933541017653,0.7819314641744548,0.8494288681204569,0.862668743509865,0.8348909657320872,0.8348909657320872,0.8553997923156802,0.8398234683281413,0.8359293873312564,0.7131360332294912,0.7583073727933541,0.7144340602284528
