,ENAC,binary,NCP,EIIP,Kmer4,CKSNAP,PseEIIP,TNC,RCKmer5,SCPseTNC,PCPseTNC,ANF,NAC,TAC
4mC_A.thaliana,0.8605442844249107,0.859955656712318,0.8626437232664914,0.7949809677039595,0.755003335557038,0.7678844720009418,0.7489993328885924,0.7513636542008397,0.7519130400659263,0.7501275360043951,0.7500098104618765,0.6627163206843778,0.6711827492838363,0.6749892084919358
4mC_C.elegans,0.922573474932082,0.9219148761010949,0.9166049230262616,0.8276117559891332,0.8177739359512637,0.8174034741088334,0.8025026755577509,0.8099530748332922,0.8050547460278258,0.8088416893060015,0.8067835679591668,0.739647649625422,0.7508438297522022,0.7556598337037952
4mC_D.melanogaster,0.9124285714285715,0.9133571428571429,0.91525,0.8606964285714286,0.7892321428571428,0.7960178571428571,0.7818214285714286,0.7818928571428572,0.77925,0.7808571428571428,0.7803035714285714,0.6888571428571428,0.6384642857142857,0.69175
4mC_E.coli,0.95625,0.95625,0.940625,0.803125,0.934375,0.846875,0.865625,0.871875,0.865625,0.86875,0.840625,0.6625,0.65625,0.753125
4mC_G.subterraneus,0.8007167541277358,0.7953410981697171,0.797772942531678,0.666453346985793,0.8215794189171893,0.8252911813643927,0.8179956482785101,0.8165237424804812,0.809356201203123,0.8245872264175093,0.8180596441827723,0.6261999232049149,0.6792525278382183,0.6589018302828619
4mC_G.pickeringii,0.8811007268951194,0.8901869158878505,0.8785046728971962,0.7946521287642783,0.8603322949117341,0.8650051921079959,0.829698857736241,0.8356697819314641,0.8499480789200415,0.8393042575285566,0.8369678089304258,0.711318795430945,0.7627206645898235,0.7219626168224299
