,ENAC,binary,NCP,EIIP,Kmer4,CKSNAP,PseEIIP,TNC,RCKmer5,SCPseTNC,PCPseTNC,ANF,NAC,TAC
4mC_A.thaliana,0.8638013577679237,0.8655181885963191,0.8657536396813562,0.8091767060393203,0.7547678844720009,0.7712985127339795,0.7498430326099753,0.7511183926539261,0.7497547384530864,0.7537868382843464,0.7522073539222227,0.6708393831181572,0.6685535455009222,0.6743613389318369
4mC_C.elegans,0.9220795258088417,0.9207623281468675,0.9208034905738043,0.8625586564583848,0.8111879476413929,0.8169095249855931,0.8043138223429653,0.8064542685436733,0.8082654153288877,0.8041491726352186,0.8064542685436733,0.7524491644027332,0.7520375401333662,0.755412859142175
4mC_D.melanogaster,0.9147857142857143,0.9134464285714285,0.9154642857142857,0.8673392857142858,0.7877857142857143,0.7975178571428572,0.7805892857142858,0.7823392857142857,0.7764285714285715,0.7837142857142857,0.7822142857142858,0.6976785714285715,0.6239642857142857,0.6918928571428572
4mC_E.coli,0.953125,0.94375,0.93125,0.80625,0.909375,0.828125,0.828125,0.859375,0.925,0.853125,0.828125,0.59375,0.60625,0.728125
4mC_G.subterraneus,0.7858057084346601,0.7831178804556508,0.7676308716242161,0.6788045565083834,0.8209394598745681,0.8210034557788302,0.8227313451939076,0.8122360168949188,0.8112760783309868,0.8172916933316268,0.8167157301932676,0.6172404966082171,0.6778446179444515,0.6816843722001792
4mC_G.pickeringii,0.8655244029075805,0.8670820353063343,0.8738317757009346,0.7928348909657321,0.856957424714434,0.8613707165109035,0.8369678089304258,0.8416407061266874,0.8522845275181724,0.8452751817237798,0.8416407061266874,0.7235202492211839,0.759865005192108,0.7331256490134995
