Dataset,ACC,SN,SP,F1,MCC,AUC
4mC_G.subterraneus,0.9343922215694059,0.9312247325033394,0.9375596528405625,0.9341874242647336,0.8688059476904917,0.9788615396074236
