,ENAC,binary,NCP,EIIP,Kmer4,CKSNAP,PseEIIP,TNC,RCKmer5,ANF,NAC,SCPseTNC,PCPseTNC,TAC
4mC_A.thaliana,0.8561295765804654,0.8563257858179963,0.8544323666758231,0.7629694306007927,0.7540811521406428,0.7638523721696817,0.7459286583212338,0.7477435937683946,0.7468115998901228,0.6582819919161794,0.6707020366518855,0.746615390652592,0.7471255346701723,0.6744398226268493
4mC_C.elegans,0.9133119288713263,0.9147526138141104,0.9086194122005433,0.8008561784802832,0.8065365933975467,0.8065777558244834,0.7981394583024615,0.7967810982135507,0.8046842841853956,0.7330204988886144,0.7485798962706841,0.8013501276035235,0.7989627068411953,0.7533959002222771
4mC_D.melanogaster,0.9057678571428571,0.9078214285714286,0.9103035714285714,0.8159642857142857,0.7836428571428572,0.7928035714285714,0.7747142857142857,0.77575,0.7750892857142857,0.6748214285714286,0.6379642857142858,0.7776428571428572,0.7738392857142857,0.6887857142857143
4mC_E.coli,0.959375,0.953125,0.971875,0.809375,0.925,0.890625,0.859375,0.8375,0.8875,0.71875,0.646875,0.903125,0.85625,0.75
4mC_G.subterraneus,0.773134519390759,0.777166261359273,0.7720465890183028,0.6698451299116857,0.8203634967362089,0.8229873288109562,0.8180596441827723,0.8138999104057341,0.8250991936516063,0.6153846153846154,0.6804044541149367,0.8147958530654038,0.8137719185972098,0.6667093306028414
4mC_G.pickeringii,0.8572170301142263,0.8785046728971962,0.8686396677050883,0.7853063343717549,0.8564382139148494,0.8564382139148494,0.8302180685358256,0.8356697819314641,0.8572170301142263,0.70067497403946,0.7551921079958464,0.832294911734164,0.8382658359293873,0.7107995846313603
