,ENAC,binary,NCP,EIIP,Kmer4,CKSNAP,PseEIIP,TNC,RCKmer5,ANF,NAC,SCPseTNC,PCPseTNC,TAC
4mC_A.thaliana,0.8605050425774046,0.8617607816976023,0.8615547619981949,0.7945983596907742,0.7585939646038535,0.7696601656005965,0.7499705686143704,0.7514421378958521,0.7529529490248401,0.6647470862928226,0.6710552132794412,0.7481458227053329,0.7500784836950124,0.6743907703174665
4mC_C.elegans,0.9233967234708158,0.9172635218572487,0.9157816744875278,0.8283526796739936,0.819214620894048,0.8199143821519717,0.8103235366757224,0.8023380258500041,0.804766609039269,0.7431052934881041,0.7499794187865316,0.8074010043632173,0.8058779945665596,0.7568947065118959
4mC_D.melanogaster,0.914875,0.914625,0.9130892857142857,0.860125,0.7889285714285714,0.7920178571428571,0.7805714285714286,0.7821785714285714,0.7775535714285714,0.6902678571428571,0.6389464285714286,0.7826785714285714,0.7814642857142857,0.6917142857142857
4mC_E.coli,0.95625,0.96875,0.965625,0.821875,0.9,0.865625,0.909375,0.85625,0.909375,0.684375,0.64375,0.859375,0.828125,0.7375
4mC_G.subterraneus,0.7909253807756303,0.8018686804044541,0.7916293357225137,0.6692691667733265,0.8287469601945475,0.8298988864712659,0.8211314475873545,0.8173556892358889,0.8127479841290157,0.618712402406246,0.6797004991680532,0.8208754639703059,0.8183156277998208,0.661013695123512
4mC_G.pickeringii,0.8826583592938733,0.8808411214953271,0.8844755970924195,0.7938733125649013,0.8587746625129803,0.867601246105919,0.8263239875389408,0.8382658359293873,0.8468328141225338,0.7191069574247144,0.7650571131879543,0.842938733125649,0.838006230529595,0.7082035306334372
