,ENAC,binary,NCP,EIIP,Kmer4,CKSNAP,PseEIIP,TNC,RCKmer5,ANF,NAC,SCPseTNC,PCPseTNC,TAC
4mC_A.thaliana,0.8644292273280226,0.8635168543735039,0.8655378095200722,0.8115017855040615,0.7550818192520504,0.7720441078365969,0.75161872620963,0.750882941568889,0.7513832751245929,0.6710944551269474,0.6687203233528235,0.7480869599340737,0.7509221834163953,0.6753129537338618
4mC_C.elegans,0.9236848604593727,0.9198567547542603,0.9196509426195768,0.857989627068412,0.8096649378447354,0.8171564995472133,0.8009796657610933,0.8025850004116243,0.813986992673088,0.7533135753684037,0.7498970939326582,0.8078126286325842,0.8055075327241294,0.754754260311188
4mC_D.melanogaster,0.9169285714285714,0.9135357142857143,0.9160892857142857,0.8656428571428572,0.7860178571428571,0.8021785714285714,0.7805357142857143,0.7804464285714285,0.7808571428571428,0.6972857142857143,0.6256785714285714,0.7834107142857143,0.7784642857142857,0.6918392857142858
4mC_E.coli,0.95625,0.940625,0.915625,0.83125,0.896875,0.840625,0.84375,0.85625,0.8875,0.6625,0.625,0.853125,0.853125,0.74375
4mC_G.subterraneus,0.7976449507231537,0.7934212210418533,0.7838858313067963,0.6693331626775887,0.8250991936516063,0.8232433124280046,0.8185716114168693,0.8179956482785101,0.8186356073211315,0.6281837962370408,0.6804044541149367,0.8187635991296557,0.8189555868424421,0.6762447203378984
4mC_G.pickeringii,0.8652647975077882,0.882398753894081,0.8733125649013499,0.7819314641744548,0.8507268951194185,0.8639667705088265,0.8408618899273105,0.8460539979231568,0.8657840083073728,0.7266355140186916,0.754153686396677,0.8413811007268951,0.8377466251298027,0.7331256490134995
